{"cameraMode":{"drawMode":0,"name":"Shaded","section":"Shading Mode"},"sceneLighting":false,"audioPlay":false,"sceneViewState":{"showFog":true,"showMaterialUpdate":false,"showSkybox":true,"showFlares":true,"showImageEffects":true,"showParticleSystems":true},"in2DMode":false,"pivot":{"x":1.2898746728897095,"y":1.4147645235061646,"z":-2.1213619709014894},"rotation":{"x":-0.14813007414340974,"y":0.6892632842063904,"z":-0.1471114456653595,"w":-0.6938188672065735},"size":12.15263557434082,"orthographic":false}