{"cameraMode":{"drawMode":0,"name":"Shaded","section":"Shading Mode"},"sceneLighting":false,"audioPlay":false,"sceneViewState":{"showFog":true,"showMaterialUpdate":false,"showSkybox":true,"showFlares":true,"showImageEffects":true,"showParticleSystems":true},"in2DMode":false,"pivot":{"x":-3.6274354457855226,"y":2.7157278060913088,"z":-3.169083595275879},"rotation":{"x":-0.009309431537985802,"y":-0.01589973084628582,"z":0.00013086703256703913,"w":-0.999883234500885},"size":8.393912315368653,"orthographic":false}