{"cameraMode":{"drawMode":0,"name":"Shaded","section":"Shading Mode"},"sceneLighting":false,"audioPlay":false,"sceneViewState":{"showFog":true,"showMaterialUpdate":false,"showSkybox":true,"showFlares":true,"showImageEffects":true,"showParticleSystems":true},"in2DMode":false,"pivot":{"x":-11.720500946044922,"y":2.704617977142334,"z":-3.1971473693847658},"rotation":{"x":-0.13336937129497529,"y":0.027357717975974084,"z":-0.0036317757330834867,"w":-0.9907427430152893},"size":21.489761352539064,"orthographic":false}