{"cameraMode":{"drawMode":0,"name":"Shaded","section":"Shading Mode"},"sceneLighting":false,"audioPlay":false,"sceneViewState":{"showFog":true,"showMaterialUpdate":false,"showSkybox":true,"showFlares":true,"showImageEffects":true,"showParticleSystems":true},"in2DMode":false,"pivot":{"x":-4.955713272094727,"y":-0.4203420877456665,"z":2.691157341003418},"rotation":{"x":-0.18352045118808747,"y":0.18081121146678925,"z":-0.03439678996801376,"w":-0.9656764268875122},"size":13.32646369934082,"orthographic":false}