{"cameraMode":{"drawMode":0,"name":"Shaded","section":"Shading Mode"},"sceneLighting":false,"audioPlay":false,"sceneViewState":{"showFog":true,"showMaterialUpdate":false,"showSkybox":true,"showFlares":true,"showImageEffects":true,"showParticleSystems":true},"in2DMode":false,"pivot":{"x":6.954263687133789,"y":1.517475962638855,"z":-1.8623647689819337},"rotation":{"x":-0.08081264048814774,"y":0.21272438764572144,"z":-0.01765964739024639,"w":-0.9736577272415161},"size":15.015149116516114,"orthographic":false}