{"cameraMode":{"drawMode":0,"name":"Shaded","section":"Shading Mode"},"sceneLighting":false,"audioPlay":false,"sceneViewState":{"showFog":true,"showMaterialUpdate":false,"showSkybox":true,"showFlares":true,"showImageEffects":true,"showParticleSystems":true},"in2DMode":false,"pivot":{"x":1.2898746728897095,"y":1.4147645235061646,"z":-2.1213619709014894},"rotation":{"x":-0.0504312664270401,"y":0.2956879138946533,"z":-0.015592706389725209,"w":-0.9538528323173523},"size":12.15263557434082,"orthographic":false}