{"cameraMode":{"drawMode":0,"name":"Shaded","section":"Shading Mode"},"sceneLighting":false,"audioPlay":false,"sceneViewState":{"showFog":true,"showMaterialUpdate":false,"showSkybox":true,"showFlares":true,"showImageEffects":true,"showParticleSystems":true},"in2DMode":false,"pivot":{"x":-4.435447692871094,"y":2.7031874656677248,"z":-2.7949485778808595},"rotation":{"x":-0.13336937129497529,"y":0.027357717975974084,"z":-0.0036317757330834867,"w":-0.9907427430152893},"size":8.133827209472657,"orthographic":false}