{"cameraMode":{"drawMode":0,"name":"Shaded","section":"Shading Mode"},"sceneLighting":false,"audioPlay":false,"sceneViewState":{"showFog":true,"showMaterialUpdate":false,"showSkybox":true,"showFlares":true,"showImageEffects":true,"showParticleSystems":true},"in2DMode":false,"pivot":{"x":-0.30682921409606936,"y":3.3227932453155519,"z":-10.115762710571289},"rotation":{"x":-0.009503006003797055,"y":0.4808140993118286,"z":-0.005152547731995583,"w":-0.8767896294593811},"size":10.219069480895996,"orthographic":false}