{"cameraMode":{"drawMode":0,"name":"Shaded","section":"Shading Mode"},"sceneLighting":false,"audioPlay":false,"sceneViewState":{"showFog":true,"showMaterialUpdate":false,"showSkybox":true,"showFlares":true,"showImageEffects":true,"showParticleSystems":true},"in2DMode":false,"pivot":{"x":1.2898746728897095,"y":1.4147645235061646,"z":-2.1213619709014894},"rotation":{"x":-0.36106961965560915,"y":0.11345481127500534,"z":-0.04430048540234566,"w":-0.9245781898498535},"size":11.752717971801758,"orthographic":false}