{"cameraMode":{"drawMode":0,"name":"Shaded","section":"Shading Mode"},"sceneLighting":false,"audioPlay":false,"sceneViewState":{"showFog":true,"showMaterialUpdate":false,"showSkybox":true,"showFlares":true,"showImageEffects":true,"showParticleSystems":true},"in2DMode":false,"pivot":{"x":-4.955713272094727,"y":-0.4203420877456665,"z":2.691157341003418},"rotation":{"x":-0.16431963443756104,"y":0.42556455731391909,"z":-0.078929103910923,"w":-0.8864245414733887},"size":15.255352020263672,"orthographic":false}