{"cameraMode":{"drawMode":0,"name":"Shaded","section":"Shading Mode"},"sceneLighting":false,"audioPlay":false,"sceneViewState":{"showFog":true,"showMaterialUpdate":false,"showSkybox":true,"showFlares":true,"showImageEffects":true,"showParticleSystems":true},"in2DMode":false,"pivot":{"x":-0.7307654619216919,"y":2.597982883453369,"z":-0.5762165784835815},"rotation":{"x":-0.1962941288948059,"y":0.08431856334209442,"z":-0.016906118020415307,"w":-0.9768083095550537},"size":11.970542907714844,"orthographic":false}