{"cameraMode":{"drawMode":0,"name":"Shaded","section":"Shading Mode"},"sceneLighting":false,"audioPlay":false,"sceneViewState":{"showFog":true,"showMaterialUpdate":false,"showSkybox":true,"showFlares":true,"showImageEffects":true,"showParticleSystems":true},"in2DMode":false,"pivot":{"x":-5.729247093200684,"y":1.1881403923034669,"z":3.494962692260742},"rotation":{"x":-0.036176279187202457,"y":-0.08325330913066864,"z":0.0030410652980208399,"w":-0.9959214329719544},"size":22.0,"orthographic":false}