{"cameraMode":{"drawMode":0,"name":"Shaded","section":"Shading Mode"},"sceneLighting":false,"audioPlay":false,"sceneViewState":{"showFog":true,"showMaterialUpdate":false,"showSkybox":true,"showFlares":true,"showImageEffects":true,"showParticleSystems":true},"in2DMode":false,"pivot":{"x":-11.764021873474121,"y":2.290762424468994,"z":-1.8741941452026368},"rotation":{"x":-0.028712011873722078,"y":-0.08028452098369599,"z":0.0023428467102348806,"w":-0.99640953540802},"size":20.9330997467041,"orthographic":false}