{"cameraMode":{"drawMode":0,"name":"Shaded","section":"Shading Mode"},"sceneLighting":false,"audioPlay":false,"sceneViewState":{"showFog":true,"showMaterialUpdate":false,"showSkybox":true,"showFlares":true,"showImageEffects":true,"showParticleSystems":true},"in2DMode":false,"pivot":{"x":-5.85573673248291,"y":1.517475962638855,"z":3.537635326385498},"rotation":{"x":-0.028712011873722078,"y":-0.08028452098369599,"z":0.0023428467102348806,"w":-0.99640953540802},"size":22.0,"orthographic":false}