{"cameraMode":{"drawMode":0,"name":"Shaded","section":"Shading Mode"},"sceneLighting":false,"audioPlay":false,"sceneViewState":{"showFog":true,"showMaterialUpdate":false,"showSkybox":true,"showFlares":true,"showImageEffects":true,"showParticleSystems":true},"in2DMode":false,"pivot":{"x":1.2898746728897095,"y":1.4147645235061646,"z":-2.1213619709014894},"rotation":{"x":-0.11137476563453675,"y":0.14465664327144624,"z":-0.016383660957217218,"w":-0.9830820560455322},"size":11.752717971801758,"orthographic":false}