{"cameraMode":{"drawMode":0,"name":"Shaded","section":"Shading Mode"},"sceneLighting":false,"audioPlay":false,"sceneViewState":{"showFog":true,"showMaterialUpdate":false,"showSkybox":true,"showFlares":true,"showImageEffects":true,"showParticleSystems":true},"in2DMode":false,"pivot":{"x":-5.944175720214844,"y":0.17022323608398438,"z":3.6068410873413088},"rotation":{"x":-0.09383168816566467,"y":-0.32189980149269106,"z":0.032042089849710467,"w":-0.9416195750236511},"size":20.046785354614259,"orthographic":false}