{"cameraMode":{"drawMode":0,"name":"Shaded","section":"Shading Mode"},"sceneLighting":false,"audioPlay":false,"sceneViewState":{"showFog":true,"showMaterialUpdate":false,"showSkybox":true,"showFlares":true,"showImageEffects":true,"showParticleSystems":true},"in2DMode":false,"pivot":{"x":-5.031065940856934,"y":0.09491729736328125,"z":2.6454224586486818},"rotation":{"x":-0.13336937129497529,"y":0.027357717975974084,"z":-0.0036317757330834867,"w":-0.9907427430152893},"size":19.794294357299806,"orthographic":false}