{"cameraMode":{"drawMode":0,"name":"Shaded","section":"Shading Mode"},"sceneLighting":false,"audioPlay":false,"sceneViewState":{"showFog":true,"showMaterialUpdate":false,"showSkybox":true,"showFlares":true,"showImageEffects":true,"showParticleSystems":true},"in2DMode":false,"pivot":{"x":6.944263458251953,"y":1.0874760150909424,"z":-1.3223648071289063},"rotation":{"x":-0.16891391575336457,"y":-0.03191666305065155,"z":0.005555744282901287,"w":-0.9851604700088501},"size":7.4582929611206059,"orthographic":false}