{"cameraMode":{"drawMode":0,"name":"Shaded","section":"Shading Mode"},"sceneLighting":true,"audioPlay":false,"sceneViewState":{"showFog":false,"showMaterialUpdate":false,"showSkybox":false,"showFlares":false,"showImageEffects":false,"showParticleSystems":false},"in2DMode":false,"pivot":{"x":-11.790377616882325,"y":1.6696887016296387,"z":0.13717113435268403},"rotation":{"x":-0.18035104870796204,"y":-0.18844449520111085,"z":0.03522830456495285,"w":-0.9647389650344849},"size":9.699999809265137,"orthographic":false}